Community & Equity Dimensions of Mobility Literature Review,,,,,,,,,,,,,
Paper Title,Author(s),Year,Journal or Proceedings,DOI or URL,Sub-theme,Central claim,Key concepts or framework,Who is centered,Value foreclosed (community value left out),Relevance to argument,Gap or limitation,Quotable moment,Synthesis paragraph
"""The bus is accessible, but how do you get to the bus"": First and last mile experiences of disabled transit riders",Levine,2024,"Journal of Public Transportation, 26, 100086",https://doi.org/10.1016/j.jpubtr.2024.100086,"Disability, first/last mile access","Disabled transit riders in Austin and Seattle face similar first and last mile barriers despite different transit systems and geographies, shaped by intersectionality, built environment quality, social context, and relationships with agencies. Disabled voices are systematically excluded from planning, perpetuating inequitable outcomes.","Mobility justice: multi-scalar framework examining how the built environment reproduces privilege and power beyond basic accessibility. First and last mile: trip segments connecting riders to fixed transit, where accessibility gaps concentrate. Intersectionality: overlapping identities shaping distinct travel burdens.","Sixteen disabled transit riders in Austin and Seattle, recruited through disability advocacy organizations, centered through first-person interview accounts.",Equitable access and flexibility for variable need: ADA compliance measures and stop-count accessibility metrics ignore first and last mile segments and diverse disability needs.,"Supports both halves of the claim. Mobility access is unevenly distributed by disability type, gender, and race even in cities with strong accessibility investment, and infrastructure built to minimum ADA standards without disabled riders' participation reproduces exclusion along the first and last mile.","The sample was recruited through advocacy networks and email, skewing toward riders already engaged with accessibility issues and excluding disabled people without internet access.","""The bus is accessible, but how do you get to the bus?"" (p. 5).","This paper grounds both the uneven distribution and exclusion-from-participation claims in first-person accounts, showing that even accessibility-focused cities produce disproportionate travel burdens when planners ignore first and last mile segments and exclude disabled riders from decision-making. It argues meaningful engagement, not compliance alone, is necessary for equitable mobility infrastructure."
Public transport inclusion and active aging: A systematic review on elderly mobility,Zhang et al.,2024,"Journal of Traffic and Transportation Engineering (English Edition), 11(2), 312-347",https://doi.org/10.1016/j.jtte.2024.04.001,"Elderly mobility, transport inclusion","A systematic review of 138 papers finds the elderly experience the highest inequality in public transport resource distribution among disadvantaged traveler groups. It synthesizes a four part framework, opportunity accessibility, physical accessibility, age friendly informationalization, and cost affordability, for transport inclusion policy.","Transport related social exclusion: marginalization from daily activities caused by inadequate transport across accessibility, physical, information, and economic dimensions. Capability approach: evaluates inclusion by whether services convert into real capabilities. Spatial production theory: transport spaces shape perceived social inclusion.","The perspective of transport planners and policymakers, synthesized through published research rather than elderly travelers' own accounts.",Relational trust and flexibility for variable need: the framework measures inclusion through accessibility and cost metrics rather than relationships or elderly travelers' own participation in defining inclusion.,"Supports the unevenly distributed half directly, documenting that elderly people face the highest transport resource inequality among disadvantaged groups across three decades of research. It does not address community participation in infrastructure decisions: its own framework is top down and metric driven, built from published literature rather than elderly travelers' input, making it a thinner fit for the infrastructure without participation half of the claim.","The evaluation framework assumes public transit dependent cities and fits poorly in car dependent or rural contexts, and it pools evidence on other disadvantaged groups without a participatory method to test the framework directly.","""the elderly have the highest level of inequality in PT resource distribution"" (p. 2).","This review documents that elderly people face the steepest transport inequality among disadvantaged groups, giving quantitative backing to the claim that mobility access has long been unevenly distributed. Its own accessibility centered framework, however, is built from literature rather than elderly voices, illustrating by contrast why participatory approaches matter for defining what inclusion requires."
Bridging the gap: Do community needs assessments enhance public participation in transportation planning?,Pinski et al.,2024,"Transportation Research Interdisciplinary Perspectives, 25, 101114",https://doi.org/10.1016/j.trip.2024.101114,Community needs assessments,"California's community transportation needs assessment pilot program, intended to include historically underrepresented groups in transportation planning, largely reproduced the same representation gaps and engagement shortfalls as traditional public participation processes.","Community transportation needs assessment: a grassroots funded study meant to engage underrepresented residents in identifying transportation needs. Representation gap: participants in planning processes skew older, whiter, and more affluent than the community. Tokenism: participation that solicits input without incorporating it into decisions.","Local organizations and residents surveyed under California's Clean Mobility Options pilot, analyzed through awardees' final reports and survey data rather than participant narratives.","Equitable access: even purpose built participatory processes struggled to reach disadvantaged and hard to reach populations, leaving the same groups underrepresented as in conventional public meetings.","Directly supports the infrastructure without participation reproduces exclusion half of the claim. It shows that even funded, explicitly inclusive community needs assessments replicate historic representation gaps rather than closing them, and traces this pattern back to the 1950s and 1960s highway projects that displaced low income and Black residents with little say in the process.","The study cannot confirm whether any assessment's recommendations changed actual transportation plans or funding, and it analyzes only California's pilot program, limiting generalizability to other participatory models.","""urban renewal projects of the 1950s and 1960s that displaced more than 1 million Americans, residents that were disproportionately low-income and Black"" (p. 2).","Even when agencies fund grassroots, explicitly inclusive needs assessments, this study finds they largely reproduce the same representation gaps as traditional public meetings. It underscores that participation structures, not just their existence, determine whether infrastructure decisions genuinely include disadvantaged communities, grounding the section's exclusion claim in a contemporary case rather than only historical precedent."
Moving Towards Mobility Justice: Challenges and Considerations for Supporting Advocacy,Agrawaal et al.,2024,"Proc. ACM Hum.-Comput. Interact., 8(CSCW1), Article 96",https://doi.org/10.1145/3637373,Mobility justice advocacy,Interviews with Canadian transportation advocates identify four ways that mobility planning tools and information systems deepen the divide between planners and the public. Path dependence in transportation knowledge infrastructures is a systemic barrier to overcoming these mobility injustices.,"Mobility justice: Sheller's framework analyzing interacting relations of movement, dividing populations into kinetic elite and mobility poor. Path dependence: how the historical design of planning tools locks in and perpetuates exclusion. Data infrastructure literacy: sensitivity to the social and political contexts data is embedded in.","Mobility justice advocates and community organizers across Canada, centered through their own accounts of interacting with planning technologies and processes.","Equitable access and relational trust: technical, jargon heavy planning tools and English only materials exclude non expert and non English speaking residents from decisions imposed on them.","Directly supports the infrastructure without participation reproduces exclusion half. Advocates describe how technically inaccessible tools, English only materials, and planners' hyper focus on traffic counts over lived experience shut residents out of decisions, echoing the historical divide between the kinetic elite and the mobility poor that mobility justice scholarship names.","The sample is limited to advocacy organizations already engaged in mobility justice work in Canada, so it may not capture residents who never reach an advocacy organization at all.","""a conversation that only some people are allowed to be in"" (p. 8).","This paper grounds the exclusion half of the claim in current advocacy work, showing that technical jargon, English only materials, and planners' narrow traffic metrics reproduce the same divide between decision makers and residents that mobility justice scholarship critiques historically. It introduces path dependence as a mechanism for why exclusionary infrastructure persists."
"Co-Creating Accessibility-Centred Mobility Strategies in Low-Density Suburban Contexts: Evidence from Coimbra, Portugal",Gomes et al.,2026,"Urban Science, 10(2), 102",https://doi.org/10.3390/urbansci10020102,Co-creation in suburban mobility,"Three co-creation focus groups with institutional, technical, and citizen actors in a low-density Portuguese suburb produced eight collaboratively defined mobility strategies spanning pedestrian and cycling infrastructure, transit reliability, and governance. Accessibility, inclusiveness, and institutional coordination emerge as interdependent conditions for equitable mobility transitions.","15-Minute City, Transit-Oriented Development, and Mobility as a Service: proximity based planning paradigms reinterpreted by participants as functional access goals rather than fixed density templates. Co-creation: focus group based collective strategy building across institutional, technical, and citizen stakeholders.","Institutional, technical, and citizen actors in Sao Martinho do Bispo, a low-density Coimbra suburb, though citizen participants were predominantly older adults.","Flexibility for variable need: participants were predominantly older adults, so younger low-income residents, migrants, and people with disabilities were underrepresented in shaping the co-created strategies.","Directly supports the infrastructure without participation reproduces exclusion half, showing that treating proximity-based models like the 15-Minute City and TOD as co-created rather than fixed templates surfaces needs, such as trust in transit reliability and safe pedestrian access, that top down planning alone would miss.","The case draws on a single suburb and a limited number of focus groups skewed toward older participants, so the strategies are preliminary and unvalidated against underrepresented groups' needs.","""key to rebuilding trust in public transport"" (p. 22).","This case shows that participatory reinterpretation of proximity based planning models, rather than top down application, is what surfaces suburban residents' actual priorities, though the strategies here reflect mostly older adults and remain unvalidated. It offers a concrete example of co-creation as a mechanism for avoiding exclusionary infrastructure."
"Toward Structured Public Involvement: Justice, Geography and Collaborative Geospatial/Geovisual Decision Support Systems",Bailey et al.,2010,"Annals of the Association of American Geographers, 100(1), 57-86",https://doi.org/10.1080/00045600903364259,Structured public involvement,"Surveys of transportation professionals and the public reveal an Arnstein Gap, a persistent difference between the public involvement stakeholders experience and what they want in transportation infrastructure planning. The paper proposes structured public involvement, using geovisual decision support tools, to narrow this gap without requiring full consensus.","Arnstein Gap: the measured difference between perceived and desired public involvement on Arnstein's ladder of citizen participation. Structured public involvement: a reflexive, nonconsensual framework using geovisual tools to elicit and respect community cultural values. Procedural justice: attaining spatial justice through fair process rather than fair distribution alone.","Transportation professionals and public stakeholders surveyed across Kentucky, Indiana, Arizona, and Alaska, compared to reveal gaps in perceived versus desired involvement.","Relational trust: surveyed professionals showed a professional conceit, believing public involvement worked better than the public itself reported, reflecting distrust that constrains genuine collaboration.","Directly supports the infrastructure without participation reproduces exclusion half. The Arnstein Gap quantifies a persistent, measured shortfall in transportation infrastructure decision making that professionals do not fully recognize, and the paper argues this gap is structural to U.S. transportation planning rather than an occasional failure.","The survey based Arnstein Gap metric captures perceived involvement levels but not whether structured public involvement deployments change actual infrastructure outcomes, and the case studies are limited to a handful of U.S. states.","""The Arnstein Gap indicates that the public desire a TI planning and design system that is more directly responsive to public needs"" (p. 7).","This paper offers historical and methodological grounding for why participation gaps in infrastructure planning persist, showing empirically that professionals underestimate the disconnect between desired and actual public involvement. It supports treating infrastructure without participation as a structural, measurable problem, and frames a participatory alternative that need not require full consensus to be legitimate."
Centering disability justice in active transportation transitions: A conceptual counter-cartography,Soliz et al.,2026,"Transportation Research Interdisciplinary Perspectives, 36, 101805",https://doi.org/10.1016/j.trip.2025.101805,"Disability justice, active transportation","Twenty interviews with disabled people in Montreal and a conceptual counter-cartography approach show that dominant definitions of active travel, limited to biking and walking on foot, exclude wheelchair, scooter, and adapted cycle users. The paper argues infrastructure should center disability justice and disabled people's leadership rather than retrofit universal design standards.","Counter-cartography: a mapping method layering policy definitions against interview accounts to expose whose mobility practices get excluded. Disability justice: a framework centering disabled people's leadership, distinct from accommodation focused universal design. Crip time: reframing infrastructure to bend to disabled bodies' pace rather than the reverse.","Twenty people with disabilities in Montreal, interviewed about their own active travel practices and infrastructure needs.","Flexibility for variable need: Montreal's official definitions of active travel as biking or walking on foot formally exclude wheelchairs, scooters, and adapted cycles from infrastructure meant to serve them.","Directly supports the infrastructure without participation reproduces exclusion half. Montreal's own policy definitions of active travel exclude many disabled people's actual mobility practices, and interviewees describe cycling infrastructure too narrow for tricycles and adapted cycles, showing how planning built without disabled people's input structurally forecloses their access.","The study draws on 20 interviews in a single city, and the authors call for broader research across more disability communities to inform infrastructural design processes.","""sidewalks hit hard"" (p. 6).","This paper shows that official definitions of active travel, not just physical infrastructure, can foreclose disabled people's access, since Montreal's own policy language excludes many disabled mobility practices before infrastructure is even built. It reinforces that centering disabled people's expertise and leadership, not only accommodation, is necessary for genuinely inclusive infrastructure decisions."
Performative versus Authentic Equity Work: An Assessment of Current Practices in Transportation Planning,McCullough et al.,2024,"Transportation Research Record, 2678(5), 884-903",https://doi.org/10.1177/03611981231193409,Performative vs authentic equity,"Interviews with 28 Black and people of color transportation professionals in California distinguish performative equity work, which privileges dominant groups' comfort and produces only superficial change, from authentic equity work, which redistributes decision making power and produces measurable change for historically oppressed communities.","Performative equity work: actions or rhetoric that claim to address equity without materially changing outcomes or power. Authentic equity work: sustained redistribution of funding, time, and decision making power to affected communities. Arrested mobility: policing practices that apprehend or harm Black people simply for moving through public space.","Twenty eight California transportation professionals who identify as Black, Indigenous, or people of color, centered through their own workplace and policy experiences.","Relational trust and equitable access: performative equity work keeps decision making power concentrated among historically dominant, often white leadership, even while claiming to value equity, leaving communities without real control over resources.","Supports both halves of the claim. It documents uneven distribution of power and voice among transportation professionals of color within the field itself, and argues that infrastructure and funding decisions made without genuinely redistributing power to communities, not just consulting them, reproduce the same exclusion regardless of stated equity commitments.","The study is limited to California and did not achieve representation from Indigenous or tribal transportation professionals despite specific recruitment efforts, limiting the framework's tested scope.","""Many communities know the solutions to the challenges they face"" (p. 12).","This paper reframes community participation as insufficient unless paired with actual redistribution of power and resources, showing that even self identified equity conscious agencies can produce only performative change. It supports the section's exclusion claim by locating the same power imbalance inside the transportation profession itself, not only in public facing planning processes."
Assessing equity in infrastructure investment distribution among U.S. cities,Chen et al.,2025,"Cities, 162, 105898",https://doi.org/10.1016/j.cities.2025.105898,Infrastructure investment distribution,"A deep learning analysis of infrastructure expenditure and social vulnerability across 394 US municipalities finds infrastructure investment inequality increased from 2010 to 2019 in nearly every sector, and that shifting from population based to equity centered funding allocation would measurably reduce socioeconomic vulnerability.",Social Vulnerability Index: a CDC composite measure of socioeconomic disadvantage used to track which municipalities are underserved. Equality centered versus equity centered allocation: distributing infrastructure funds evenly per capita versus targeting funds toward the most vulnerable municipalities.,The perspective of planners and policymakers modeling municipal level spending data; no residents of the municipalities studied are directly consulted.,"Relational trust and flexibility for variable need: the model treats equity as a quantitative allocation formula, and the authors themselves note it lacks the community engagement needed to capture residents' actual perspectives and concerns.","Supports the unevenly distributed half directly, quantifying growing infrastructure investment inequality across a decade and showing which municipalities are shortchanged. It is a thinner fit for the participation half: the framework is data driven and top down, and the authors themselves flag the need to pair it with community engagement to make decisions genuinely equitable.","The model treats infrastructure categories broadly without distinguishing transportation modes, relies on a black box machine learning approach whose internal relationships are hard to interpret, and by the authors' own account still needs community-driven qualitative input.","""fosters community engagement and ownership, leading to further improvements in the equitable decision-making process"" (p. 11).","This paper offers strong quantitative evidence that infrastructure investment inequality has been widening and that equity centered allocation would help close it, reinforcing the section's uneven distribution claim. It is honest about its own limits, though: as a purely data driven model, it cannot substitute for the community engagement the section argues infrastructure decisions actually require."
"Race, Space, and Struggles for Mobility: Transportation Impacts on African Americans in Oakland and the East Bay",Golub et al.,2013,Urban Geography,https://doi.org/10.1080/02723638.2013.778598,Racialized transit disinvestment,"A 2005 civil rights lawsuit against the Bay Area's Metropolitan Transportation Commission reveals that race neutral regional transit funding, favoring suburban rail expansion over Oakland bus service, reproduced a racialized geography built by decades of earlier overt housing and employment discrimination.","Environmental racism framework: analyzes how transportation decisions distribute benefits and burdens along racial lines through exclusion from planning, localized burdens, and unequal mobility access. White noose: the ring of suburban opportunity surrounding racially segregated urban cores. Racism without racists: discriminatory outcomes produced by facially neutral technical criteria layered onto an already segregated geography.","African American bus riders in Oakland and the East Bay, and the civil rights plaintiffs who challenged MTC's funding decisions in Darensburg v. MTC.","Equitable access: MTC's per rider subsidy favored more affluent, mostly White rail riders over low income bus riders of color, and courts accepted this as a legitimate outcome of neutral technical analysis.","Directly supports both halves of the claim. It documents historically uneven mobility access rooted in de jure discrimination, and shows that even facially race neutral, seemingly participatory regional planning processes reproduced exclusion because minority communities' participation and race equity concerns hit real limits within MTC's decision making.","The analysis focuses on one metropolitan region and one legal case, and does not evaluate whether newer transit oriented development plans in Priority Development Areas will repeat or interrupt this pattern.","""racism without racists"" (p. 24).","This paper grounds the section's exclusion claim in a landmark case, showing that race neutral transit funding formulas, layered onto a metropolitan geography built by decades of overt discrimination, can reproduce racial exclusion without any single discriminatory actor. It cautions that formally inclusive planning processes do not guarantee equity when minority participation hits structural limits."
Implementation science frameworks for active and sustainable transportation interventions with a focus on equity: A scoping review,McCullogh et al.,2026,"Transportation Research Interdisciplinary Perspectives, 38, 102020",https://doi.org/10.1016/j.trip.2026.102020,"Implementation science, equity","A scoping review of 26 studies finds implementation science frameworks exist for active and sustainable transportation interventions, but only nine explicitly address equity, and community engagement, partnerships, and funding operate as both facilitators and barriers to equitable implementation.","Implementation science: the study of methods and factors that determine whether evidence-based interventions get adopted in practice. Barriers and facilitators: context-specificity, community engagement and participation, partnerships and collaboration, and funding; the same factors can enable or block equitable implementation depending on how they are handled.","The perspective of researchers synthesizing published frameworks; the traditionally excluded groups discussed, such as low income residents, ethnic minorities, and women, appear only secondhand through the reviewed studies.","Equitable access and flexibility for variable need: most frameworks were built for able bodied road users, and community engagement is often only nominal, with marginalized groups excluded or deterred from participating in complex infrastructure decisions.","Supports the infrastructure without participation reproduces exclusion half, showing that fair representation and participation is necessary for equitable implementation, yet the studies reviewed report groups being actively ignored or deterred by feeling they lack the expertise to engage with complex infrastructure projects, producing unequal power among stakeholders.","Only 26 of over 8,500 screened studies met inclusion criteria, and most frameworks that do address equity were developed for Western contexts, which the review itself notes may not transfer to other institutional settings such as China.","""excluding some from participating bequeaths unequal powers among stakeholders"" (p. 14).","This review shows that even when implementation frameworks name community engagement as a success factor, marginalized groups are frequently excluded or deterred from participating, concentrating power among project proponents rather than affected communities. It supports the section's exclusion claim while cautioning that most equity-focused frameworks are Western in origin and may not travel well to other contexts."
Inclusive Mobility: Dismantling transportation injustice at the intersection of race and disability,Twardzik et al.,2025,"Disability and Health Journal, 18, 101848",https://doi.org/10.1016/j.dhjo.2025.101848,"Race, disability intersectionality","Transportation injustice is a product of systemic racism and ableism that compounds for people who are both Black and disabled, since public transit systems were built around an ideal rider who is economically secure, able bodied, and white. Dismantling it requires an intersectional, mobility justice approach centering the leadership of those most impacted.","Transportation injustice: structural conditions that perpetuate inequities, discrimination, and exclusion based on disability, race, class, gender, and age. Intersectionality: overlapping social identities compound rather than simply add experiences of discrimination. Crip Mobility Justice: a framework prioritizing accessibility, interdependence, and abolition of policing alongside physical infrastructure.","Black people and people with disabilities in the United States, especially those holding both identities, whose transportation experiences are argued to be understudied.","Equitable access and flexibility for variable need: transit systems designed around an ideal rider formally exclude disabled people and, through redlining and highway placement, disproportionately under-serve Black communities.","Directly supports both halves of the claim. It traces mobility exclusion to slavery, redlining, and highway construction, and gives a concrete contemporary case: Maryland canceling the Black-serving Red Line to fund the whiter Purple Line without seeking input from Baltimore residents or community groups.","The authors note a dearth of evidence at the intersection of race and disability specifically, since disability studies tend to exclude race and race studies tend to omit disability, leaving this population understudied.","""The administration did not seek input from the Department of Transportation, Baltimore citizens, or community groups on this decision"" (p. 2).","This paper grounds the section's claim in a concrete recent case, Maryland defunding the Black-serving Red Line for the whiter Purple Line without community input, while tracing the same exclusionary pattern back through redlining and highway construction. It argues dismantling this requires sharing decision-making power with Black and disabled communities as leaders, not only building accessible infrastructure."
Inclusive and Accessible Transportation for All: Strategies for Integrating Equity in Transportation Research,Johnson et al.,2025,"Logistics, 9(2), 72",https://doi.org/10.3390/logistics9020072,Equity measurement frameworks,"A literature review of transportation equity research finds that horizontal equity, equal treatment of similar groups, and vertical equity, prioritizing disadvantaged populations, remain inconsistently defined and measured across studies, and that clearer frameworks, better data, and more inclusive decision-making are needed to close this gap.","Horizontal equity: equal treatment of individuals or groups with similar needs. Vertical equity: allocating resources based on differing needs, prioritizing disadvantaged groups. Accessibility indices and affordability metrics: quantitative tools used alongside community engagement approaches to assess whether a transportation system is equitable.","The perspective of transportation researchers synthesizing published equity literature and metrics, rather than the residents these metrics are meant to serve.","Relational trust: the review treats community engagement as one measurement tool among several, alongside accessibility indices, rather than as the mechanism through which communities hold real decision-making power.","A thinner fit than most sources in this section: this is a broad measurement focused literature review rather than a case study of participation or exclusion. It touches the unevenly distributed half by cataloging accessibility and affordability metrics, and gestures at the participation half only in its closing recommendation for more inclusive, community-driven decision-making.","The review draws on a single geographic context, and the authors acknowledge that transportation inequities and appropriate remedies vary substantially by density and region, limiting how directly its recommendations transfer.","""Inclusive decision-making processes that involve underrepresented communities will ensure that their voices are considered"" (p. 25).","This review is useful mainly as a map of how transportation equity gets measured, horizontal versus vertical equity, accessibility indices, affordability metrics, rather than as evidence of participation's role in preventing exclusion. It is included with that caveat: its value here is cataloging the measurement landscape the section's case studies push back against."
Is the medium the message? Exploring the intersection of social media and collective action in the San Jose Bike Party,Johnson et al.,2024,"Annals of Leisure Research, 27(4), 543-559",https://doi.org/10.1080/11745398.2022.2156363,"Bike activism, social media","Interviews and field observations with the San Jose Bike Party, a monthly mass cycling ride organized via social media, find participants hold contested and often depoliticized understandings of the event as collective action, complicating claims that social media organizing democratizes civic participation.","Prefigurative politics: enacting the change one advocates for through the form of the collective action itself, here temporarily claiming road space for cyclists. Virtual activism: activism organized through social media platforms, of contested lasting impact. Democratic divide: unequal ability to participate in a movement based on access to its digital organizing platforms.","San Jose Bike Party organizers and riders, interviewed and observed by researchers who themselves participated in the rides.","Equitable access: the ride route is posted exclusively on electronic platforms, so participation depends on social media access and literacy, and many riders described unclear or purely recreational motives rather than a shared advocacy purpose.","A thinner fit for this section's specific claim: the study centers a recreational social movement rather than an infrastructure planning process, and most participants did not describe SJBP as political. Its relevance is indirect, since the authors connect it to broader questions of equity, access, and inclusion in cycling infrastructure advocacy, without empirically testing that connection here.","The paper does not analyze whether SJBP has produced any actual change in cycling infrastructure, planning, or policy, and the authors explicitly flag this as a needed direction for future research.","""the ride route, which is exclusively posted on electronic platforms"" (p. 10).","This paper is included as a boundary case rather than a direct source: it studies grassroots cycling collective action, not infrastructure planning, and finds participants' political motives were often muddled rather than clear. Its value to the section is the authors' own gesture toward equity focused cycling infrastructure advocacy, a connection this study raises but does not test."
Achieving transportation equity: Meaningful public involvement to meet the needs of underserved communities,Karner et al.,2017,Public Works Management & Policy,https://doi.org/10.1177/1087724X17738792,Meaningful public involvement model,"Despite civil rights and environmental justice mandates, transportation planning continues to disproportionately burden low income and minority communities because public involvement processes rarely give residents real influence over decisions. The paper proposes a three step model: community led identification of needs, dedicated funding to meet them, and community derived metrics to track progress.","Just process versus just outcomes: meaningful involvement of historically burdened communities versus fair distribution of benefits and burdens. Priority unmet needs: a model of equity grounded in what communities themselves identify as needed, not abstract quantitative equity analysis. Participatory budgeting: dedicating funds directly to needs identified through community deliberation.",Low income and minority residents of the San Francisco Bay Area and California communities affected by MPO transportation planning decisions.,"Relational trust and equitable access: standard MPO public involvement and quantitative equity analyses omit race and rely on distant forecasts, so they rarely translate community input into funded action.","Directly supports the infrastructure without participation reproduces exclusion half. It argues traditional public involvement is a near absence of meaningful engagement, and proposes a concrete alternative in which community identified needs receive dedicated funding, directly linking genuine participation to just infrastructure outcomes rather than treating them as separate.","The model's case studies are drawn from California, a state with an unusually strong environmental justice advocacy history and well resourced community based organizations, which the authors note may limit transferability elsewhere.","""a near-absence of meaningful public involvement through which affected residents can influence and shape decisions"" (p. 2).","This paper offers the section's participatory alternative in concrete, actionable form: community identified needs tied to dedicated funding and community derived metrics, rather than public involvement as a box checking exercise. It reinforces that meaningful participation and just outcomes are not separable goals, directly grounding the exclusion half of the claim in an implementable model."
Limitations of Technical Approaches to Transport Planning Practice in Two Cases: Social Issues as a Critical Component of Urban Projects,Mottee et al.,2020,"Planning Theory & Practice, 21(1), 39-57",https://doi.org/10.1080/14649357.2019.1696980,"Technical planning, social impacts","Case studies of Amsterdam's North-South Metro line and Sydney's Parramatta Rail Link find that technical, model driven transport planning consistently overlooks social impacts, contributing to lost social licence, poor communication, and inadequate protection of affected communities. Social Impact Assessment, applied early, offers a path to better integrate social issues into megaproject planning.","Social Impact Assessment: a framework for anticipating and managing how projects change people's lives, distinct from purely economic or engineering impact models. Social licence to operate: a community's ongoing acceptance of a project, lost through poor communication and unmet commitments. Predict and provide: a quantitative, model driven planning approach criticized for ignoring wider social context.","Communities affected by two rail megaprojects, and infrastructure impact assessment practitioners interviewed about planning practice in Amsterdam and Sydney.","Relational trust and flexibility for variable need: technical, model driven planning treats social impacts as secondary to economic and engineering considerations, so affected communities' actual needs go unconsidered until consultation happens too late to shape decisions.","Directly supports the infrastructure without participation reproduces exclusion half. Both rail megaprojects show that public consultation occurring late in the project lifecycle fails to transfer community input into how social impacts get assessed and managed, diluting the public's capacity to meaningfully shape infrastructure that affects them.","The study examines only two rail megaprojects in wealthy, high capacity planning contexts, Amsterdam and Sydney, so it may understate the barriers to adopting Social Impact Assessment in lower resourced planning systems.","""dilute the capacity of the public to contribute meaningfully to transport planning"" (p. 15).","This paper shows, through two concrete megaproject cases, that consultation without a mechanism to feed into actual project design amounts to participation in name only. It reinforces the exclusion claim by tracing the same failure, technical dominance sidelining community input, across two different high income cities, and proposes Social Impact Assessment as a structural fix rather than a procedural add on."
Lived expertise of the structurally disadvantaged: towards a more just participatory transport planning process,Klaever et al.,2025,"Mobilities, 20(3), 555-572",https://doi.org/10.1080/17450101.2024.2426554,"Lived expertise, non-participation","Focus groups with mobility disabled people and low income women in Berlin's Graefekiez neighborhood find that non-participation in street space reallocation planning stems from feeling excluded and ignored by prior participatory processes, while a purpose built, transdisciplinary research format better reflected residents' lived expertise.","Lived expertise: the practical, embodied knowledge structurally disadvantaged people hold about their own mobility needs, distinct from technical planning expertise. Invited versus claimed spaces: participation opportunities designed by authorities versus spaces residents create themselves. Negative political self-efficacy: the learned sense that speaking up in official participatory venues will not lead anywhere.","Mobility disabled residents and women from a low socioeconomic status neighborhood in Berlin, recruited specifically for their structurally disadvantaged position.","Relational trust and equitable access: repeated negative experiences in official participatory venues, including public humiliation by a mayor, taught disadvantaged residents their input would not be acted on, so many stopped participating altogether.","Directly supports the infrastructure without participation reproduces exclusion half. It shows concretely how invited participatory spaces, meant to democratize a car space reallocation project, actively discouraged the structurally disadvantaged residents they claimed to include, reproducing the same exclusion the project intended to fix.","The case study is a single Berlin neighborhood under a specific green party led local government, and the authors note it is not perfectly generalizable to other transport planning contexts.","""I've been talking to and against walls for years"" (p. 11).","This paper offers a vivid, first person account of how official participation processes can actively produce the disengagement they are meant to prevent, directly reinforcing the claim that infrastructure decisions without genuine participation reproduce exclusion. It also models an alternative, a co-designed research format residents experienced as more welcoming and reflective of their lived expertise."
Mindsets and actions: Shifts in equitable and sustainable development in U.S. cities,Pineo et al.,2026,Urban Studies,https://doi.org/10.1177/00420980261438717,Community-led equitable development,"Interviews with 23 urban development professionals across U.S. cities find a shift toward more explicitly equitable practices, driven less by government initiative than by community-based organizations and residents adopting radical demands for redistributed resources, alongside strategic framing to counter opposition rooted in individualist and racialized cultural mindsets.","Bottom-up transformation: resident and CBO led initiatives that go beyond procedural inclusion to shift actual resource distribution and power. Bootstraps narrative: a cultural myth of unconstrained individual mobility used to oppose equitable investment. Tactical urbanism: temporary, small scale interventions, such as youth-led road redesigns, used to demonstrate what permanent infrastructure change could look like.","Senior professionals in community development, planning, transportation, and housing across U.S. cities, primarily in local government and nonprofits, describing their own strategies.","Relational trust: city processes and regulations were described as stacked against transformative solutions, so community organizations often had to build parallel, informal coalitions to get equitable projects taken seriously by agencies.","A moderate fit: transportation is one of several urban development domains covered alongside housing and parks, not the primary focus. Where most relevant, a youth-led tactical urbanism project redesigning a high-fatality road, it shows infrastructure change becoming possible only after community-led action pushed a reluctant state agency, illustrating the participation half concretely though not exclusively about mobility.","The study relies on 23 interviews with professionals rather than the residents whose neighborhoods are affected, and the authors note a remaining knowledge gap about the cultural mindsets that drive opposition to equitable development in particular places.","""this would not have happened"" (p. 11).","This paper is useful mainly for its broader pattern, that community-led pressure, not government initiative, has been the main driver of recent shifts toward equitable urban development, with a concrete mobility example, youth redesigning a dangerous road, illustrating how bottom-up organizing can force infrastructure change agencies would not have pursued alone."
Mobilising equity. Emerging evidence for integrating vulnerable communities,Di Ruocco,2025,"TeMA - Journal of Land Use, Mobility and Environment, 18(1), 95-112",http://dx.doi.org/10.6093/1970-9870/10872,"ICT mobility, vulnerable groups","A literature review of global best practices finds that technology driven mobility solutions, such as MaaS platforms and accessible transit systems, improve equity for vulnerable groups only when paired with inclusive land use planning, affordable design, and active community participation, and that rural regions and non-elderly vulnerable groups remain understudied.","Mobility-as-a-Service: a digital platform integrating multiple transport modes into one accessible interface. Intersectional mobility vulnerability: overlapping identities such as gender, disability, race, and economic status that compound transportation barriers. Digital divide: unequal access to the devices and connectivity that ICT-based mobility solutions assume users already have.",The perspective of researchers and policymakers reviewing global case studies; vulnerable groups themselves appear as subjects of the literature rather than direct participants in this review.,"Equitable access and flexibility for variable need: most ICT mobility solutions are designed around urban, digitally literate users, leaving rural residents and non-elderly vulnerable groups such as ethnic minorities underexplored and often excluded by design.","Supports the unevenly distributed half by cataloging how rural regions and multiple vulnerable groups remain underserved despite smart mobility advancements. It touches the participation half more lightly, noting that engagement must go beyond consultation to active participation in planning, without providing its own case study of that shift.","The reviewed literature is itself urban centric with limited rural evidence and no longitudinal data, and the paper is a review of secondary sources rather than original fieldwork with vulnerable communities.","""engagement must go beyond consultation, requiring active citizen participation in planning"" (p. 15).","This review is most useful for documenting the uneven distribution half, showing that smart mobility technologies leave rural residents and several vulnerable groups behind despite their promise. Its treatment of participation is brief and aspirational rather than evidenced, so it complements rather than substitutes for the section's more direct participatory case studies."
Mobility Injustice by Design,Jensen,2026,Routledge (Changing Mobilities series),https://doi.org/10.4324/9781003459729,"Exclusionary design, mobility justice","Drawing on research into unhoused, disabled, and aging city dwellers, this book argues that mobility injustice is produced by everyday design choices, benches angled to prevent sleeping, high curbs, short pedestrian crossing signals, not only by policy, and asks who the built world is actually designed for.","Exclusionary design: material and spatial choices, intentional or not, that curb the mobility of vulnerable groups. Mobility justice: a framework asking who has the right to move, treating autonomous mobility as a fiction sustained by hidden assistance and dependency. Design justice: extending questions of justice to the artifacts and spaces that afford or restrict movement.","Unhoused street sleepers, disabled and impaired people, and aging citizens, examined through the author's Exclusionary Design research project in Copenhagen and beyond.","Equitable access and flexibility for variable need: cities are described as built for able bodied, middle class, ordinary citizens, so street furniture and crossing timing are designed around that default and against unhoused, disabled, and aging users.","Directly supports the infrastructure without participation reproduces exclusion half, reframing exclusion as encoded in physical design decisions, hostile benches, curbs, crossing timers, rather than only in planning process or funding. This entry draws only on the book's introductory chapter and bibliography, since the empirical fieldwork chapters were not included in the available preview text.","Only the introduction and bibliography were available in the extracted preview; the book's empirical chapters on unhoused, disabled, and aging populations, where the fieldwork evidence lives, could not be reviewed here and should be read directly for case level detail.","""Who is the built world built for?"" (p. 15).","This book pushes the section's exclusion claim down to the level of material design, arguing that hostile benches, high curbs, and short crossing signals encode exclusion into infrastructure independent of any single planning decision. Only the introductory framing was available here; the book's later chapters presumably supply fieldwork evidence for unhoused, disabled, and aging Copenhageners that would let this claim be checked against lived experience."
Mobility justice and accessible public transport networks for people with intellectual disability,van Holstein et al.,2020,Applied Mobilities,https://doi.org/10.1080/23800127.2020.1827557,"Intellectual disability, network access","A focus group of 16 public transport and disability advocacy practitioners in Victoria, Australia finds that Melbourne's privatized, splintered transport network creates cognitive access barriers for people with intellectual disability that no single service provider can fix alone, requiring network wide collaboration and inclusive participation mechanisms.","Mobility justice: understanding mobility outcomes as generated at the intersection of transport systems and wider social circumstances, here extended to cognitive access. Splintered urbanism: fragmented, privatized transport governance in which competing operators communicate inconsistently. Performative research: a focus group method aimed at prompting collaboration and change, not just recording existing conditions.","People with intellectual disability as public transport users, represented in the focus group by disability advocacy organizations and a person contributing lived expertise directly.","Equitable access and flexibility for variable need: existing disability access committees typically focus on sensory and physical impairments and often exclude people with intellectual disability, and advocates who do participate are frequently expected to contribute expertise unpaid.","Directly supports the infrastructure without participation reproduces exclusion half. It shows existing participatory mechanisms, access committees and reference groups, systematically underrepresent people with intellectual disability, and argues genuine inclusion requires network wide collaboration across privatized operators plus fair compensation for advocates' expertise.","The study draws on a single one day focus group of practitioners and advocates rather than people with intellectual disability directly, and is limited to one metropolitan transport system in Victoria, Australia.","""too often, people with disability are not paid for their expertise"" (p. 13).","This paper extends the participation half of the claim to an overlooked group, showing that even disability focused participatory structures in transport planning routinely exclude people with intellectual disability, and that meaningful inclusion requires paid, coordinated, network wide effort rather than one-off consultation. It grounds the claim in a concrete account of how existing inclusion mechanisms quietly reproduce exclusion."
"North Florida Stakeholder Perspectives: Gaps, Barriers, and Facilitators in the Transportation System",Jeghers et al.,2024,"Future Transportation, 4, 1520-1536",https://doi.org/10.3390/futuretransp4040073,"Stakeholder perspectives, funding gaps","Interviews with 13 city planners, transportation employees, and state representatives in North Florida find that funding shortfalls and misaligned priorities among stakeholders, not lack of awareness, are the main barriers to equitable transportation for mobility vulnerable populations, and that new technologies are being piloted without yet translating into improved access for those groups.","Mobility vulnerable populations: residents below the poverty line, people with disabilities, and older adults with limited transportation options. SWOT framework: strengths, weaknesses, opportunities, and threats used to structure stakeholders' assessment of the transportation system. Smart Cities Collaborative: a multi city initiative piloting technologies like autonomous rideshare intended to reduce transportation disparities.","Transportation professionals, city planners, agency employees, and state representatives, rather than the mobility vulnerable residents whose needs are being discussed.","Equitable access: one participant described a higher minority area of Gainesville as still hurting because state and city funding priorities do not match that community's needs, reflecting a persistent misalignment between resource allocation and who actually needs it.","A moderate fit for the unevenly distributed half, since it documents professionals' own acknowledgment that funding and priorities are misaligned with mobility vulnerable and minority populations. It is thinner on the participation half: the study centers professional perspectives rather than community members, and stakeholders admit new technologies have not yet been communicated to the users they are meant to serve.","The study interviewed only 13 stakeholders, all transportation professionals, and the authors note responses may be shaped by participants' professional roles or concern about their employers rather than by mobility vulnerable residents' own perspectives.","""Politicians come and go. They have priorities"" (p. 7).","This paper documents uneven distribution from the professional side, showing transportation officials themselves recognize that funding and political priorities leave some communities, especially higher minority areas, underserved. It is a weaker source for the participation half, since it centers professionals' self-assessment rather than mobility vulnerable residents' direct accounts of exclusion."
Quantification of latent travel demand across age groups with a focus on older adults: a theoretical framework with empirical evidence from China,Yin et al.,2026,"Transportation Research Part A: Policy and Practice, 211, 105130",https://doi.org/10.1016/j.tra.2026.105130,Older adult travel demand,"Survey data from 664 Ningbo, China residents show social participation, not physical infrastructure or technology acceptance, is the strongest predictor of older adults' unmet travel demand, while health barriers and functional capacity constrain trips differently for middle aged and 75-plus age groups respectively.","Latent travel demand: unmet mobility need operationalized across four dimensions, health barriers, functional capacity, social participation, and technology acceptance. Active aging: a WHO framework treating older adults as active social participants rather than passive recipients of protection.","Older adults in Ningbo, China across three age bands (35-59, 60-74, 75+), studied through survey data rather than direct qualitative accounts.","Flexibility for variable need: the study argues age-friendly policy has over-focused on physical infrastructure accommodations while under-investing in social participation opportunities, such as community activity centers and flexible employment, that actually drive older adults' mobility.",A thinner fit for this section: the paper documents unmet travel demand among an aging population through quantitative modeling rather than a case of infrastructure built without community participation. It is included as background evidence that equity in older adult mobility may hinge on social participation opportunities rather than only accessible infrastructure.,"Only the abstract, highlights, and introduction of this paywalled article were accessible for this review; the methods, results tables, and discussion sections could not be verified against the source text and should be checked directly before citing specific findings.","""age-friendly policy should move beyond physical infrastructure improvement alone"" (p. 2, Abstract).","This paper is a thin, quantitative complement to the section's argument: it shows that even for older adults, a group facing well documented mobility barriers, unmet travel demand is driven more by social participation opportunities than infrastructure alone. Only the paper's abstract and introduction were available for this review."
Beyond research delays: science funding disruptions limit community participation in climate and infrastructure planning,Contreras et al.,2026,"npj Urban Sustainability, 6, 71",https://doi.org/10.1038/s42949-026-00374-5,"Federal funding cuts, participation","A four month federal funding suspension halted a community engaged research project meant to center environmental justice organizations in California climate and transportation planning, illustrating how federal science funding disruptions directly reduce vulnerable communities' opportunities to shape infrastructure and climate decisions.",Epistemic justice: valuing community knowledge as a legitimate form of data on par with quantitative measures. Techno-rational planning: transportation planning dominated by quantitative metrics that can miss lived safety and health concerns communities identify directly. Community-informed data tools: indices like CalEnviroScreen that incorporate community perspectives into official risk assessments.,"Environmental justice community-based organizations in California, and the researchers partnering with them to incorporate community feedback into climate and transportation risk data tools.","Equitable access and relational trust: quantitative transportation metrics can certify a route as safe while missing community reported dangers like poor lighting, and defunding the research meant to close that gap removes another avenue for communities' knowledge to count in decisions.","Directly supports the infrastructure without participation reproduces exclusion half, but through a distinct mechanism: federal funding cuts, not just planning process design, can abruptly cut off the pipeline that lets community knowledge enter climate and transportation decision making, disproportionately affecting the vulnerable communities the project was meant to serve.","As a first person perspective piece about the authors' own disrupted project, it reports process and consequences rather than completed empirical findings on community risk perceptions, since the underlying data collection itself was interrupted.","""the street lacks lighting to illuminate the path at night"" (p. 2).","This paper adds a distinct mechanism to the exclusion claim: federal funding volatility itself can sever the pipeline connecting community knowledge to infrastructure and climate planning, not just weak local process design. It shows concretely how techno-rational transportation metrics miss lived safety concerns communities can name directly, reinforcing why participation must be actively resourced rather than assumed to continue."
Towards Environmental Justice in Transportation Decision Making using Structured Public Involvement,Bailey et al.,2012,Transportation Research Board (TRB) Annual Meeting,Not found,"Procedural justice, large groups","Reviewing environmental justice and public involvement literature, the authors argue transportation agencies have focused on distributional justice, who bears costs and benefits, while under-theorizing procedural justice, and propose four process metrics plus Structured Public Involvement as a large-group method to make public involvement more inclusive and measurable.","Distributional versus procedural justice: the Rawlsian distinction between fair outcomes and fair decision-making processes, the latter chronically under-researched in transportation EJ work. Arnstein Ladder: a scale of public involvement levels used to benchmark how much power a process gives participants. Q-metric: a stakeholder-reported measure of process satisfaction used to evaluate Structured Public Involvement events.","Low-income, minority, and other underrepresented transportation stakeholders whose full and fair participation is a stated goal of the 1994 Environmental Justice executive order.","Relational trust and equitable access: small-group advisory committees are held up as exemplary process even when agencies turn away most attendees to keep the group manageable, compromising the inclusiveness EJ mandates require.","Directly supports the infrastructure without participation reproduces exclusion half with a documented example: a Virginia DOT advisory committee that shrank from 70 interested citizens to about 30 hand-picked representatives, held up in agency literature as a model process despite excluding most of the public who showed up.","The paper is a conference proceedings submission rather than a peer-reviewed journal article, and its proposed Structured Public Involvement approach is illustrated mainly through the authors' own prior projects rather than independent replication.","""asked the citizens to return to their respective interest organizations and identify only one or two persons"" (p. 16).","This paper's VDOT example is a vivid, documented instance of the exclusion the section describes: an agency-praised process that literally turned away most of the public who showed up to keep the group small. It reinforces that procedural justice, not just distributional outcomes, needs its own metrics, since existing EJ practice has focused far more on who bears costs than on whether decision processes are genuinely inclusive."
The dignity experience of people with disability when using trains and buses in an Australian city,Chapman et al.,2024,"Disability & Society, 39(9), 2375-2399",https://doi.org/10.1080/09687599.2023.2203307,"Dignity, disability, public transport","Twenty six interviews with people with diverse visible and invisible disabilities in an Australian city find that dignified mobility depends on accessible infrastructure, inclusive information, and respectful staff interactions across an entire journey, and that a single inaccessible link anywhere in that journey makes participants vulnerable to indignity.","Dignified mobility experience: a dynamic interaction between personal preferences, impairment specific needs, infrastructure, staff interactions, and information accessibility across a full journey. Compliance based accessibility: standards like the ADA or Australia's Disability Standards for Accessible Public Transport that rely on voluntary or partial compliance, so meeting a broad standard can still exclude people whose needs it did not anticipate.","People with diverse visible and invisible disabilities in an Australian city, describing their own experiences using buses and trains in their own words.","Relational trust and flexibility for variable need: compliance based, one-size standards can be met on paper while still excluding people whose particular impairment needs fall outside what the standard anticipated, and staff attitudes frequently produced indignity independent of infrastructure.","Supports the infrastructure without participation reproduces exclusion half by showing that standards developed without embedding diverse disabled people's specific needs in planning can be formally met while still excluding them, and argues policy mandates for including people with diverse impairments in planning are urgently needed.","The study is limited to bus and train systems in one Australian city and does not examine taxis, light rail, ferries, or air travel, or factors like time of day and trip purpose.","""being treated like everyone else"" (p. 8).","This paper treats dignity, not just physical access, as the measure of whether transport infrastructure includes disabled people, and traces failures back to compliance based standards built without disabled people's specific needs embedded in planning. It reinforces that infrastructure designed without participation reproduces exclusion, even when it technically satisfies accessibility law."
The equity-environmental sustainability nexus in autonomous vehicles: An integrated framework for policy and planning,Bahman et al.,2026,Research in Transportation Business & Management,https://doi.org/10.1016/j.rtbm.2026.101689,AV equity-sustainability framework,"A conceptual literature review argues that AV deployment's environmental sustainability gains and social equity impacts are deeply intertwined rather than separate concerns, and proposes an integrated framework built on proactive planning, meaningful community engagement, and adaptive governance to keep AV deployment from disproportionately burdening marginalized communities.","Equity-environmental sustainability nexus: the claim that AV emissions benefits and social equity outcomes are interdependent, so optimizing one without the other risks negative net outcomes. Siloed AV research: the paper's diagnosis that policy, planning, and assessment frameworks currently treat equity and sustainability separately. Social equity: fair distribution of benefits and burdens ensuring equal access regardless of socioeconomic status.",The perspective of AV policymakers and planners synthesizing literature; the paper is conceptual rather than centering directly affected riders or communities in its own method.,"Equitable access: the authors warn that AVs could reduce emissions overall while disproportionately benefiting affluent communities and burdening marginalized ones with more traffic or reduced transit, unless equity is designed in from the start.","A moderate, AV specific fit for the section: it names meaningful community engagement as a required component of just AV deployment, directly echoing the participation half of the claim, though at the level of a conceptual framework proposal rather than an empirical case. Most useful for feeding the broader Mobility as Social Service argument given its direct AV focus.","Only the abstract, highlights, introduction, and truncated section previews of this paywalled article were accessible; the full literature review, framework details, and discussion could not be read and should be verified directly before citing specific claims from those sections.","""ensuring AVs contribute positively to a future that is both green and fair"" (p. 2, Abstract).","This paper's main relevance is naming meaningful community engagement as a required element of just AV deployment, directly connecting to the section's participation claim within the AV context central to the broader project. Because only the introduction and truncated section previews were accessible, its literature review and framework specifics should be verified from the full text before being cited in detail."
Travelling in the margins: Impacts of transport poverty on travel attitudes and behaviours,Nakshi et al.,2025,"Transportation Research Part A, 196, 104475",https://doi.org/10.1016/j.tra.2025.104475,"Transport poverty, travel attitudes","Qualitative interviews in Toronto's Rexdale neighborhood find that repeated experiences of transport poverty, including racism and harassment on transit, shape marginalized residents' travel attitudes and behavior beyond material deprivation alone, and that delayed transit infrastructure investment compounds this by leaving equity-deserving communities without the reliable service needed to sustain positive attitudes toward transit.","Transport poverty: the combined effect of social and transportation disadvantages that limit mobility. Perceived behavioural control: a person's sense of their own capacity to choose a travel mode, shaped by past experience of poverty and discrimination. Affective versus cognitive attitude: emotional responses to unsafe or discriminatory transit experiences that drive behavior more than favorable abstract opinions about transit.","Low income, racially diverse residents of Rexdale, an inner suburb of Toronto facing stigma and marginalization, describing their own daily travel experiences and adaptations.","Equitable access and relational trust: repeated racism, sexism, and harassment on transit erode marginalized riders' trust in the system regardless of affordability, while chronically delayed infrastructure projects meant to serve these communities leave that distrust unaddressed.","Supports the unevenly distributed half directly through Rexdale residents' lived experience of transport poverty, and touches the participation half by naming repeated, undelivered infrastructure promises, the delayed Finch West LRT and the closed Line 3 subway serving Scarborough, as a pattern of underinvestment in equity-deserving neighborhoods that compounds distrust.","The qualitative, cross-sectional study covers a single marginalized population in one Toronto neighborhood, and the authors call for testing the framework quantitatively and in other populations and geographies.","""transportation should be considered as a social policy issue in and beyond Toronto"" (p. 15).","This paper extends the uneven distribution claim into the psychological register, showing that transport poverty shapes not just access but attitudes and trust toward transit, and that repeated delays to infrastructure meant for equity deserving neighborhoods reinforce that distrust. It supports treating transportation as a social policy issue rather than a purely technical one."
Transportation barriers and equity: Values and experiences of elected officials,Linovski et al.,2026,"Journal of Urban Affairs, 48(5), 1506-1526",https://doi.org/10.1080/07352166.2025.2507951,"Elected officials, equity values","A national survey and interviews with Canadian local elected officials find they have little direct experience with transportation barriers like unaffordability, disability, or harassment, and while they broadly support procedural equity, they are divided on prioritizing marginalized communities in transportation investment, revealing a disconnect from academic and professional equity discourse.","Procedural equity: fair decision-making process, distinguished from substantive equity, which prioritizes marginalized communities in resource allocation. Technical-rational model: the tendency of transportation research to treat politicians as external to decision-making rather than examining their own values and political context. Fundamental mismatch: a gap between who makes transit decisions and who is most affected by them.","Local elected officials across Canada, surveyed and interviewed directly about their own transportation values and personal experience with transportation barriers.","Equitable access: elected officials who lack lived experience of transportation barriers are less likely to prioritize marginalized communities in investment decisions, even while endorsing fair process in the abstract, meaning decisions get made by people distant from the barriers under discussion.",Directly supports the infrastructure without participation reproduces exclusion half by locating the disconnect at the level of who holds decision-making power in the first place. It shows that the people making transportation investment decisions are demographically and experientially unlike the marginalized communities those decisions most affect.,"The study surveys elected officials' self-reported values and experience rather than observing actual investment decisions or outcomes, and non-response bias may mean officials less interested in equity were underrepresented.","""a fundamental mismatch between who is making key transit decisions . . . and who is most affected by those decisions"" (p. 2).","This paper locates the exclusion the section describes at its source, showing that the officials who control transportation investment decisions rarely share the lived experience of transportation barriers themselves, and are divided on whether to prioritize marginalized communities even while endorsing fair process. It reframes participation not just as who gets consulted but as who governs."
Investigating unfulfilled travel needs for people with travel-limiting conditions using the 2017 National Household Travel Survey (NHTS) data,Zhang et al.,2026,International Journal of Transportation Science and Technology,https://doi.org/10.1016/j.ijtst.2025.07.009,Intersectional disability travel needs,"Using 2017 National Household Travel Survey data and a logit model, this study finds that unmet travel needs among people with disabilities vary sharply by race, gender, poverty, and age, and that Hispanic PWD and disabled stay-at-home mothers report suppressed rather than absent travel needs due to systemic barriers and reliance on community trust over formal services.","Unfulfilled travel need: reduced travel that reflects suppressed aspirations under systemic barriers rather than satisfied mobility. Intersectionality: overlapping identities, disability, race, gender, poverty, that compound and complicate travel disadvantage in ways single-category analysis misses. Suppressed mobility: travel demand that goes unreported because barriers have taught people not to expect service.","People with travel-limiting disabilities in the United States, analyzed through 2017 national survey data disaggregated by race, gender, poverty status, and age.","Relational trust and equitable access: Hispanic PWD were found to trust neighbors and community members more than formal service providers, meaning standard demand-responsive planning built around expressed requests can miss needs that trust barriers keep people from voicing.","Supports the unevenly distributed half with quantitative evidence that disability intersects with race, gender, and poverty to produce distinct patterns of suppressed travel need, arguing that transportation equity requires proactive, culturally competent outreach rather than only responding to demand that is already expressed.",The analysis relies on a single cross-sectional national survey and infers suppressed need indirectly from reduced travel patterns rather than through direct qualitative accounts of why travel was curtailed.,"""a constrained ability to fulfill their desired travel needs"" (p. 14).","This paper adds a methodological caution to the unevenly distributed claim: measured travel frequency can hide suppressed need, especially for groups like Hispanic PWD who trust community networks over formal transportation services after learning not to expect accommodation. It argues equity requires actively uncovering suppressed demand, not just responding to requests already made."
The promise of Universal Basic Mobility,Wander et al.,2026,"Transport Reviews, 46(3), 345-365",https://doi.org/10.1080/01441647.2025.2574358,Universal Basic Mobility policy,"Reviewing U.S. transportation policy and mobility justice theory, this paper argues Universal Basic Mobility should combine three elements, treating mobility as essential to well-being, targeting resources toward those facing transportation insecurity, and pairing subsidy with adequate service, to avoid repeating past piecemeal, single-mode policies that failed to reduce poverty.","Mobility justice: an expanded understanding of mobility as freedom of movement and capability, not just travel speed, central to societal participation and power. Targeted universalism: providing resources unevenly, prioritizing those experiencing transportation insecurity, rather than distributing identical resources to everyone. Transportation insecurity: inability to move safely or in a timely way, concentrated among low income, non-White, and disabled populations.","People experiencing transportation insecurity in the U.S., particularly low-income, disabled, immigrant, and non-White residents who lack adequate car access.",Equitable access and flexibility for variable need: past U.S. transportation policy relied almost entirely on supply-side transit investment and one-size-fits-all approaches that do not work in dispersed suburbs where most low-income people of color now live.,"Supports the unevenly distributed half by tracing transportation insecurity to historical disparities in car access along race and income lines, and connects to the participation half by arguing mobility justice requires centering the voices of those experiencing transportation disparities rather than designing policy around a single mode.","The paper is a conceptual policy review rather than an empirical evaluation of any specific UBM pilot program, so its three-part framework has not yet been tested against outcomes data.","""mobility resources are unevenly distributed, so the state must target such resources"" (p. 14).","This paper offers the section a policy level articulation of both claim halves: transportation insecurity is unevenly distributed along race and income lines rooted in decades of car access disparities, and mobility justice requires centering the voices of those most affected rather than designing policy around a single mode. It positions Universal Basic Mobility as a concrete framework for practice."
"Urban planning, the built environment, and subjective well-being: A review of recent research advances",Mouratidis,2026,"Cities, 178, 107404",https://doi.org/10.1016/j.cities.2026.107404,"Built environment, well-being review","A narrative review of built environment and subjective well-being research since 2021 finds that public transport investment supports well-being and reduces social exclusion, but can also trigger transit-led gentrification and displacement of economically vulnerable residents, while private car access benefits individual users at the cost of collective health and equity externalities.","Pathways framework: a conceptual model linking built environment attributes to subjective well-being through life domains like accessibility, work, and social relationships. Transit-led gentrification: new public transport investment attracting more affluent residents and raising housing costs, eroding accessibility benefits meant for existing lower income residents. Mobility-related exclusion: reduced social participation and well-being for those without car access in car-oriented environments.",The perspective of researchers synthesizing global built environment and well-being literature; the review spans many population groups rather than centering any one group's direct account.,"Equitable access: transit investment's accessibility benefits can be lost to displacement for economically vulnerable residents, and the review notes that participatory planning processes representing diverse voices are needed but often absent from how these investments get evaluated.","A broad, thinner fit for this section: transportation is one of five review categories in a wide-ranging well-being literature synthesis rather than a dedicated case study. It is most useful for the unevenly distributed half, documenting transit-led displacement and mobility exclusion for non-drivers, and briefly names participatory planning as a needed but underused equity tool.","As a narrative rather than systematic review, study selection relied on the author's framework and judgment, may exclude relevant studies with a less obvious fit, and draws mainly on English-language research underrepresenting the Global South.","""Planning processes could include participatory approaches which enable the representation of diverse voices"" (p. 12).","This review's main relevance is documenting that even beneficial transit investments can produce uneven well-being outcomes through displacement, and that the literature calls for participatory planning to represent diverse voices in built environment decisions. As a broad synthesis spanning far beyond transportation, it functions as supporting context rather than a dedicated case for this section's participation claim."
Who faces travel constraints? Analyzing household and individual travel challenges in automobile-dependent central Texas,Situ,2025,"Transport Policy, 174, 103857",https://doi.org/10.1016/j.tranpol.2025.103857,"Travel constraints, single mothers","A multidimensional framework combining household housing and transportation cost burden with individual level health, safety, comfort, accessibility, and time constraints finds that low income households in car dependent central Texas suppress travel demand, and that Black and Hispanic single mother households experience disproportionately severe intra-personal travel constraints.","Housing and Transportation Cost-to-Income Ratio: a household level affordability measure combining housing and travel costs against income. Intra-personal Travel Constraints propensity: an individual level model estimating the probability of facing health, safety, comfort, accessibility, or time barriers to reaching desired destinations. Suppressed travel demand: reduced travel driven by constraint rather than preference.","Low income, single mother, and racially minoritized households, particularly Black and Hispanic/Latino single mothers, in the car dependent Greater Austin region of central Texas.","Equitable access and flexibility for variable need: car dependent transportation planning assumes a baseline ability to drive and afford a vehicle, which compounds disadvantage for single mother households and those with limited English proficiency, disability, or low income who cannot meet that assumption.","Supports the unevenly distributed half with a granular, intersectional account of who bears travel constraints in an automobile dependent region, showing race and gender compound to concentrate the most severe constraints among Black and Hispanic single mothers, and that expanding non-automobile options is necessary to address it.","Only the abstract, highlights, and introduction of this paywalled article were accessible; the full methodology, results tables, and discussion could not be read and should be verified directly before citing specific quantitative findings.","""single-mother households displayed distinct patterns of constraint"" (p. 2, Abstract).","This paper adds fine-grained, intersectional evidence to the uneven distribution claim, showing that in a car dependent region, travel constraints concentrate most severely among Black and Hispanic single mother households once both affordability and personal barriers are measured together. Only the paper's abstract and introduction were available for this review."
"From transportation equity to transportation justice: Within, through, and beyond the state",Karner et al.,2020,Journal of Planning Literature,https://doi.org/10.1177/0885412220927691,Transportation equity vs justice,"The authors argue transportation planning should shift from state-centered equity analyses, which mostly measure and reform how benefits and burdens are distributed, toward transportation justice, which demands structural redistribution of political power and resources and treats residents' active participation in decisions as essential, drawing on hybrid case studies where community organizing reshaped state planning outcomes.","Transportation equity versus transportation justice: equity as reform of distribution within existing state processes, justice as transformation of the structures and power relations producing inequity. Pro forma public involvement: participation processes solicited to satisfy legal requirements that are unlikely to affect final decisions. Hybrid state and society-centric strategies: community organizations using state planning processes and technical analyses to win real concessions.","People of color, low-income people, people with disabilities, older adults, and youth who bear disproportionate transportation burdens, and the community organizations that organize on their behalf.",Relational trust and equitable access: quantitative equity analyses and legally mandated public involvement often produce only incremental reforms while leaving the underlying power positions and well-being of disadvantaged populations unchanged.,"Directly and centrally supports the infrastructure without participation reproduces exclusion half, and gives concrete counter-examples of genuine participation's effect: a Fresno community-led needs assessment that exposed how little transit access reached identified disadvantaged communities and won a dedicated grant program, and a Bay Area community-developed equity scenario that outperformed the regional agency's preferred plan and won funding concessions.","The hybrid case studies described are exceptional, well-organized regional coalitions capable of contending with state agencies on their own terms, so the paper's own examples suggest this level of organizing capacity may not be replicable everywhere.","""it is often pro forma, and its results are unlikely to affect ultimate decisions"" (p. 3).","This paper offers the section's clearest theoretical statement of the exclusion claim, distinguishing equity as reform from justice as transformation of power, and backs it with two concrete wins, Fresno's community-led needs assessment and the Bay Area's community-authored equity scenario, where organized participation changed what got funded and built. It also cautions that such wins required unusually well-organized coalitions."
Enhancing Equity in Public Transportation Using Geographic Information Systems and Spatial Optimization,Cha et al.,2020,"International Journal of Geospatial and Environmental Research, 7(1), Article 2",https://dc.uwm.edu/ijger/vol7/iss1/2,GIS facility location optimization,"Using a Maximal Covering Location Problem model applied to Hilliard, Ohio, this study finds that adding roughly 26 to 36 new bus stops chosen through spatial optimization can increase transit access coverage for origin- and destination-based transport disadvantaged areas by around 70 to 78 percent.","Transport disadvantaged: people who need public transportation because they lack access to personal vehicles, often left unserved by transit built around able bodied commuters. Maximal Covering Location Problem: an optimization model that selects facility locations to maximize coverage of a defined demand. Bi-objective model: weighting origin-based and destination-based demand together to find stop locations serving both simultaneously.","Modeled transport disadvantaged populations in Hilliard, Ohio, represented as spatial demand data points rather than through direct community input or interviews.","Relational trust and flexibility for variable need: equity here is defined entirely as a spatial coverage optimization problem solved by planners selecting weights, with no described role for transport disadvantaged residents in defining need or reviewing proposed stops.","A thin fit for this section: the paper is a purely technical GIS optimization study demonstrating how facility placement can mathematically improve coverage for transport disadvantaged areas, but it does not address community participation in decisions at all, illustrating the kind of top-down, technically-defined equity analysis the section's argument pushes against.","The model treats equity solely as spatial coverage and demand estimated from data, with no field validation of whether the transport disadvantaged residents identified would actually use or want the proposed new stops.","""some people are excluded from the right of mobility and accessibility"" (p. 3).","This paper exemplifies the technical, top-down equity analysis the section contrasts with participatory approaches: it optimizes bus stop locations mathematically to improve coverage for transport disadvantaged areas without any described role for affected residents in defining need or reviewing outcomes. It is useful as a contrast case showing what equity work looks like when treated as a spatial optimization problem alone."
Integrating equity in transportation scenario planning: A systematic review,Pan et al.,Not found,Not found,Not found,"Scenario planning, equity integration","A systematic review of academic papers, agency reports, and TRB conference materials finds that equity remains inconsistently integrated into transportation scenario planning, especially for newer scenarios involving emerging technology, and recommends embedding vertical equity analysis and advanced community participation techniques throughout all four phases of the scenario planning process.","Vertical equity: allocating costs and benefits based on differing mobility needs, income, and structural inequalities, distinct from horizontal equity's equal treatment of similar groups. Scenario planning: a multi-step process generating and evaluating multiple possible transportation futures rather than one forecast. Community participation as justice-building: training community members in the planning process itself so input can shape long-term plans, not just react to them.","Underserved and low-income populations, women, and people of color affected by long-range transportation plans, discussed through reviewed studies rather than the paper's own primary data collection.","Equitable access and relational trust: agencies have historically used pro forma public meetings for scenario planning, and the review finds equity considerations are largely absent from newer, technology and economy focused scenarios like electric vehicle policy.","Directly supports the infrastructure without participation reproduces exclusion half, citing Karner et al.'s point that community participation in scenario planning must go beyond collecting opinions to teaching communities how the process itself works, so their input can actually shape long-term plans rather than being collected and set aside.","As a review of existing literature and conference materials, the paper's policy recommendations are not yet tested through implementation, and the reviewed practices themselves varied widely in rigor and are unevenly documented.","""how their participation can affect long-term plans"" (p. 21).","This review reinforces the exclusion claim by showing equity, especially community participation, remains inconsistently built into transportation scenario planning, with newer technology-focused scenarios like electric vehicles particularly likely to skip equity analysis. It draws on Karner et al.'s argument that real participation requires teaching communities the planning process itself, not just soliciting opinions."
Inclusive planning: African policy inventory and South African mobility case study on the exclusion of persons with disabilities,Vanderschuren et al.,2021,"Health Research Policy and Systems, 19, 124",https://doi.org/10.1186/s12961-021-00775-1,African disability policy inventory,"A policy inventory across 29 African countries and a South African household survey case study find that most transport policies omit or only superficially address people with disabilities, and that South Africans with disabilities take 27 to 66 percent fewer weekly trips than non-disabled residents, evidence of social isolation produced by policy neglect.","Universal design: designing environments to be usable by the greatest range of people, contrasted with policies that address disability only superficially. Transport justice framework: an approach linking space and mobility to accessibility that the authors note tends to overlook how differently embodied people interact with infrastructure. Trip frequency as isolation measure: using reduced trip-making as a quantitative proxy for social exclusion.","People with disabilities across 29 African countries, with a detailed household survey case study centered on South Africa.","Equitable access and flexibility for variable need: most reviewed African transport policies omit or superficially address disability, so infrastructure and services are built without accounting for the specific needs of people with different impairments.","Supports the unevenly distributed half with cross-national policy evidence and South African trip-rate data showing severe disability related mobility gaps. On participation, the paper recommends including community leaders, NGOs, and disability advocacy groups in ongoing infrastructure projects but explicitly acknowledges it did not investigate their actual role, leaving this a recommendation rather than documented evidence.","The authors explicitly state they did not investigate the actual role of community leaders, NGOs, and lobby groups in African transport planning, and recommend this as a direction for future research rather than something this study demonstrates.","""people with disability live less integrated, more isolated lives"" (p. 10).","This paper documents severe, quantified disability-related mobility gaps across Africa rooted in policy neglect rather than only infrastructure, supporting the uneven distribution half with concrete trip-rate evidence. Its own honesty about not yet studying community leaders' and disability advocates' actual role in planning marks where the participation half still needs direct empirical grounding."
Transit Equity in the Face of the COVID-19 Pandemic: A Study of Six Ontario Transit Authorities,Sutcliffe et al.,Not found,SSRN Working Paper,https://ssrn.com/abstract=3977617,Pandemic transit service cuts,"Interviews with transit officials across six Ontario transit authorities find that pandemic-driven service cuts disproportionately harmed low-income and marginalized riders, and that officials, aware of transit equity concerns, had little practical ability to consult transit users before making rapid cuts, most starkly in Windsor's unilateral shutdown of all transit service.","Transit equity: ensuring public transit service changes do not disproportionately burden those who depend on transit most. Emergency decision-making: rapid, top-down authority, such as a mayor's Emergency Measures Bylaw, that bypasses normal consultation processes during a crisis. Transit poverty: a state in which loss of affordable transit forces reliance on far more expensive alternatives like taxis.","Public transit officials and municipal leaders across six Ontario transit authorities, interviewed about their own decision-making during the pandemic's first year.","Equitable access and relational trust: Windsor's mayor unilaterally shut down all transit service for four weeks without consulting transit groups or users, leaving thousands of riders to pay far higher costs or lose access to essential trips entirely.","Directly supports the infrastructure without participation reproduces exclusion half with a stark example: a mayor's unilateral, unconsulted decision to shut down an entire transit system, using emergency powers, left thousands without transportation and sparked public opposition, even though officials elsewhere in the study expressed awareness of and concern for transit equity.",The paper centers transit officials' own accounts of their decision-making rather than interviews with the low-income and marginalized riders who bore the impact of service cuts directly.,"""Transit groups and users were not consulted prior to this decision being taken"" (p. 18).","This paper gives the section a sharp, real-time example of the exclusion claim: a mayor's unilateral, unconsulted shutdown of an entire transit system left thousands without transportation, even as officials elsewhere expressed genuine concern for transit equity. It shows that good intentions among decision-makers do not substitute for actual consultation when speed overrides participation."
"Bike Share Equity for Underrepresented Groups: Analyzing Barriers to System Usage in Baltimore, Maryland",Grasso et al.,2020,"Sustainability, 12(18), 7600",https://doi.org/10.3390/su12187600,"Bike share equity, Baltimore","Survey analysis in Baltimore finds people of color, women, low-income, less-educated, and unemployed residents are underrepresented in Baltimore Bike Share membership, with race and gender specifically associated with distinct barriers, safety concerns for women and difficulty riding with children or cargo for nonwhite residents, that uniform system design does not address.","Vertical equity: the fair distribution of costs and benefits among groups differing by income or social class, applied here to bike share access. Equity of opportunity versus equity of outcome: whether adequate access has been provided versus whether usage rates actually reflect community demographics. Bike share barriers: safety, personal hygiene, harassment risk, and cargo or child-carrying needs that vary systematically by race and gender.","Non-member Baltimore residents living within the bike share service area, particularly people of color and women, surveyed directly about their perceived barriers to using the system.","Flexibility for variable need and equitable access: a bike share system designed around a narrow user profile does not accommodate riders who need to carry children or cargo, or who reasonably fear harassment or crime, leaving those needs unaddressed by uniform system design.","Supports the unevenly distributed half by quantifying who is left out of a specific mobility system and why, and touches the participation half through its policy recommendation for grassroots community outreach, ambassador programs, and community-based design input to reach underrepresented groups rather than relying on system design alone.","The non-user survey has a small sample size that limited the ability to detect effects for some demographic subgroups, and nonresponse bias likely underrepresents residents without regular email access or who are not native English speakers.","""one of the biggest barriers to biking, across all demographic categories, is concern about personal safety"" (p. 12).","This paper shows that even a supposedly universal mobility service like bike share reproduces exclusion when designed around a narrow user profile, and that closing the gap requires more than infrastructure alone, community outreach and ambassador programs targeted at underrepresented groups. It supports the uneven distribution half with quantified racial and gender specific barriers."
